{
    "root_group": {
        "name": "",
        "path": "",
        "id": "d41d8cd98f00b204e9800998ecf8427e",
        "groups": {},
        "checks": {
                "응답 코드가 200인가?": {
                    "id": "447eb8a04c9568891dd690ca43b58e83",
                    "passes": 419,
                    "fails": 0,
                    "name": "응답 코드가 200인가?",
                    "path": "::응답 코드가 200인가?"
                },
                "이벤트 참여 성공 여부": {
                    "passes": 1,
                    "fails": 418,
                    "name": "이벤트 참여 성공 여부",
                    "path": "::이벤트 참여 성공 여부",
                    "id": "2adb2dc92327bc25dda50256f47c22b5"
                }
            }
    },
    "metrics": {
        "http_reqs": {
            "count": 419,
            "rate": 60.47258095243594
        },
        "http_req_tls_handshaking": {
            "med": 0,
            "max": 0,
            "p(90)": 0,
            "p(95)": 0,
            "avg": 0,
            "min": 0
        },
        "http_req_waiting": {
            "min": 12.89,
            "med": 518.561,
            "max": 1254.972,
            "p(90)": 966.4152,
            "p(95)": 1084.2069999999999,
            "avg": 439.6657732696898
        },
        "http_req_sending": {
            "avg": 0.035114558472553715,
            "min": 0.006,
            "med": 0.023,
            "max": 0.457,
            "p(90)": 0.05960000000000003,
            "p(95)": 0.08909999999999997
        },
        "data_sent": {
            "count": 205310,
            "rate": 29631.564666693608
        },
        "http_req_blocked": {
            "avg": 0.6424821002386606,
            "min": 0.002,
            "med": 0.007,
            "max": 4.12,
            "p(90)": 2.7134000000000014,
            "p(95)": 3.31
        },
        "vus_max": {
            "value": 100,
            "min": 100,
            "max": 100
        },
        "vus": {
            "value": 59,
            "min": 59,
            "max": 100
        },
        "http_req_duration": {
            "p(95)": 1084.2645999999997,
            "avg": 439.76860143198115,
            "min": 12.994,
            "med": 518.676,
            "max": 1255.062,
            "p(90)": 966.495
        },
        "http_req_connecting": {
            "avg": 0.4956276849642004,
            "min": 0,
            "med": 0,
            "max": 2.535,
            "p(90)": 2.2896,
            "p(95)": 2.341
        },
        "http_req_duration{expected_response:true}": {
            "avg": 439.76860143198115,
            "min": 12.994,
            "med": 518.676,
            "max": 1255.062,
            "p(90)": 966.495,
            "p(95)": 1084.2645999999997
        },
        "checks": {
            "passes": 420,
            "fails": 418,
            "value": 0.5011933174224343
        },
        "iterations": {
            "count": 419,
            "rate": 60.47258095243594
        },
        "http_req_receiving": {
            "p(95)": 0.117,
            "avg": 0.06771360381861577,
            "min": 0.016,
            "med": 0.057,
            "max": 0.393,
            "p(90)": 0.1042
        },
        "http_req_failed": {
            "passes": 0,
            "fails": 419,
            "value": 0
        },
        "data_received": {
            "count": 162550,
            "rate": 23460.186238230217
        },
        "iteration_duration": {
            "min": 1013.832958,
            "med": 1519.174833,
            "max": 2257.939583,
            "p(90)": 1969.8212578,
            "p(95)": 2087.3775202999996,
            "avg": 1441.3780790644391
        }
    }
}